fhwa_id,name,states,assigned_state,state_assignment_method,state_length_summary,designations,style,geometry_source,geometry_source_detail,segment_count,continuous_part_count,endpoint_marker_count,point_count,status,source_url
2477,A1A Scenic & Historic Coastal Byway,Florida,Florida,ArcGIS longest geometry length by State,Florida:71.0mi,All-American Road,all-american-road-purple,ArcGIS,FeatureServer layer 2,78,3,6,581,matched,https://fhwaapps.fhwa.dot.gov/bywaysp/StateMaps/Show/byway/2477
13791,Acadia All-American Road,Maine,Maine,ArcGIS longest geometry length by State,Maine:42.0mi,All-American Road,all-american-road-purple,ArcGIS,FeatureServer layer 1,8,1,2,890,matched,https://fhwaapps.fhwa.dot.gov/bywaysp/StateMaps/Show/byway/13791
2442,Alabama's Coastal Connection,Alabama,Alabama,ArcGIS longest geometry length by State,Alabama:121.4mi,National Scenic Byway,national-scenic-byway-green,ArcGIS,FeatureServer layer 2,43,4,8,1374,matched,https://fhwaapps.fhwa.dot.gov/bywaysp/StateMaps/Show/byway/2442
12398,Alaska Marine Highway,Alaska,Alaska,ArcGIS longest geometry length by State,Alaska:2506.4mi,All-American Road,all-american-road-purple,ArcGIS,FeatureServer layer 1,31,23,46,932,matched,https://fhwaapps.fhwa.dot.gov/bywaysp/StateMaps/Show/byway/12398
13793,Amish Country Byway,Ohio,Ohio,ArcGIS longest geometry length by State,Ohio:76.1mi,National Scenic Byway,national-scenic-byway-green,ArcGIS,FeatureServer layer 2,82,1,2,3186,matched,https://fhwaapps.fhwa.dot.gov/bywaysp/StateMaps/Show/byway/13793
10246,Arroyo Seco Historic Parkway - Route 110,California,California,ArcGIS longest geometry length by State,California:7.8mi,National Scenic Byway,national-scenic-byway-green,ArcGIS,FeatureServer layer 2,31,1,2,295,matched,https://fhwaapps.fhwa.dot.gov/bywaysp/StateMaps/Show/byway/10246
13794,Ashley River Road,South Carolina,South Carolina,ArcGIS longest geometry length by State,South Carolina:13.3mi,National Scenic Byway,national-scenic-byway-green,ArcGIS,FeatureServer layer 2,21,1,2,381,matched,https://fhwaapps.fhwa.dot.gov/bywaysp/StateMaps/Show/byway/13794
2271,Baltimore's Historic Charles Street,Maryland,Maryland,ArcGIS longest geometry length by State,Maryland:10.8mi,National Scenic Byway,national-scenic-byway-green,ArcGIS,FeatureServer layer 2,21,1,2,438,matched,https://fhwaapps.fhwa.dot.gov/bywaysp/StateMaps/Show/byway/2271
2066,Bayou Teche Scenic Byway,Louisiana,Louisiana,ArcGIS longest geometry length by State,Louisiana:228.6mi,National Scenic Byway,national-scenic-byway-green,ArcGIS,FeatureServer layer 6,62,10,18,3097,matched,https://fhwaapps.fhwa.dot.gov/bywaysp/StateMaps/Show/byway/2066
81510,Bayshore Heritage Byway,New Jersey,New Jersey,ArcGIS longest geometry length by State,New Jersey:112.6mi,National Scenic Byway,national-scenic-byway-green,ArcGIS,FeatureServer layer 6,22,4,8,1527,matched,https://fhwaapps.fhwa.dot.gov/bywaysp/StateMaps/Show/byway/81510
2281,Beartooth Highway,"Montana, Wyoming",Wyoming,ArcGIS longest geometry length by State,Wyoming:34.8mi; Montana:31.7mi,All-American Road,all-american-road-purple,ArcGIS,FeatureServer layer 1,6,1,2,1458,matched,https://fhwaapps.fhwa.dot.gov/bywaysp/StateMaps/Show/byway/2281
2599,Big Bend Scenic Byway,Florida,Florida,ArcGIS longest geometry length by State,Florida:207.1mi,National Scenic Byway,national-scenic-byway-green,ArcGIS,FeatureServer layer 2,54,1,2,1534,matched,https://fhwaapps.fhwa.dot.gov/bywaysp/StateMaps/Show/byway/2599
2062,Billy the Kid Trail,New Mexico,New Mexico,ArcGIS longest geometry length by State,New Mexico:84.1mi,National Scenic Byway,national-scenic-byway-green,ArcGIS,FeatureServer layer 2,719,1,2,3217,matched,https://fhwaapps.fhwa.dot.gov/bywaysp/StateMaps/Show/byway/2062
2280,Blue Ridge Parkway,"North Carolina, Virginia",North Carolina,ArcGIS longest geometry length by State,North Carolina:246.9mi; Virginia:213.5mi,All-American Road,all-american-road-purple,ArcGIS,FeatureServer layer 1,30,3,5,7791,matched,https://fhwaapps.fhwa.dot.gov/bywaysp/StateMaps/Show/byway/2280
81499,Bold Coast Scenic Byway,Maine,Maine,FHWA first state fallback,,National Scenic Byway,national-scenic-byway-green,OSM补齐,OSRM public route over OSM road network using documented byway endpoints/waypoints,1,1,2,2551,matched,https://fhwaapps.fhwa.dot.gov/bywaysp/StateMaps/Show/byway/81499
81497,Boom or Bust Byway,Louisiana,Louisiana,FHWA first state fallback,,National Scenic Byway,national-scenic-byway-green,OSM补齐,OSRM public route over OSM road network using documented byway endpoints/waypoints,1,1,2,1200,matched,https://fhwaapps.fhwa.dot.gov/bywaysp/StateMaps/Show/byway/81497
64115,Brandywine Valley Scenic Byway,"Pennsylvania, Delaware",Delaware,ArcGIS longest geometry length by State,Delaware:12.8mi,National Scenic Byway,national-scenic-byway-green,ArcGIS,FeatureServer layer 2,26,1,2,309,matched,https://fhwaapps.fhwa.dot.gov/bywaysp/StateMaps/Show/byway/64115
2144,Cascade Lakes Scenic Byway,Oregon,Oregon,ArcGIS longest geometry length by State,Oregon:68.7mi,National Scenic Byway,national-scenic-byway-green,ArcGIS,FeatureServer layer 2,3,1,2,371,matched,https://fhwaapps.fhwa.dot.gov/bywaysp/StateMaps/Show/byway/2144
2063,Cascade Loop,Washington,Washington,ArcGIS longest geometry length by State,Washington:422.7mi,National Scenic Byway,national-scenic-byway-green,ArcGIS,FeatureServer layer 6,971,1,2,11295,matched,https://fhwaapps.fhwa.dot.gov/bywaysp/StateMaps/Show/byway/2063
2282,Cherohala Skyway,"North Carolina, Tennessee",Tennessee,ArcGIS longest geometry length by State,Tennessee:22.5mi; North Carolina:17.9mi,National Scenic Byway,national-scenic-byway-green,ArcGIS,FeatureServer layer 2,6,1,2,728,matched,https://fhwaapps.fhwa.dot.gov/bywaysp/StateMaps/Show/byway/2282
2161,Cherokee Foothills Scenic Highway,South Carolina,South Carolina,ArcGIS longest geometry length by State,South Carolina:117.4mi,National Scenic Byway,national-scenic-byway-green,ArcGIS,FeatureServer layer 2,197,1,2,3563,matched,https://fhwaapps.fhwa.dot.gov/bywaysp/StateMaps/Show/byway/2161
2346,Cherokee Hills Byway,Oklahoma,Oklahoma,ArcGIS longest geometry length by State,Oklahoma:84.6mi,National Scenic Byway,national-scenic-byway-green,ArcGIS,FeatureServer layer 2,102,1,2,1199,matched,https://fhwaapps.fhwa.dot.gov/bywaysp/StateMaps/Show/byway/2346
2261,Chesapeake Country Scenic Byway,Maryland,Maryland,ArcGIS longest geometry length by State,Maryland:84.7mi,All-American Road,all-american-road-purple,ArcGIS,FeatureServer layer 2,37,2,4,1107,matched,https://fhwaapps.fhwa.dot.gov/bywaysp/StateMaps/Show/byway/2261
2226,Chinook Scenic Byway,Washington,Washington,ArcGIS longest geometry length by State,Washington:91.6mi,All-American Road,all-american-road-purple,ArcGIS,FeatureServer layer 1,8,1,2,1038,matched,https://fhwaapps.fhwa.dot.gov/bywaysp/StateMaps/Show/byway/2226
39538,"City of Las Vegas, Las Vegas Boulevard National Scenic Byway",Nevada,Nevada,ArcGIS longest geometry length by State,Nevada:4.2mi,National Scenic Byway,national-scenic-byway-green,ArcGIS,FeatureServer layer 1,1,1,2,27,matched,https://fhwaapps.fhwa.dot.gov/bywaysp/StateMaps/Show/byway/39538
10346,Coal Heritage Trail,West Virginia,West Virginia,ArcGIS longest geometry length by State,West Virginia:148.1mi,National Scenic Byway,national-scenic-byway-green,ArcGIS,FeatureServer layer 2,344,2,4,10483,matched,https://fhwaapps.fhwa.dot.gov/bywaysp/StateMaps/Show/byway/10346
60441,Colonial Parkway,Virginia,Virginia,ArcGIS longest geometry length by State,Virginia:22.5mi,All-American Road,all-american-road-purple,ArcGIS,FeatureServer layer 1,28,1,2,1516,matched,https://fhwaapps.fhwa.dot.gov/bywaysp/StateMaps/Show/byway/60441
2106,Colorado River Headwaters Byway,Colorado,Colorado,ArcGIS longest geometry length by State,Colorado:67.8mi,National Scenic Byway,national-scenic-byway-green,ArcGIS,FeatureServer layer 2,8,1,2,1081,matched,https://fhwaapps.fhwa.dot.gov/bywaysp/StateMaps/Show/byway/2106
2487,Connecticut River Byway,"Massachusetts, New Hampshire, Vermont",New Hampshire,ArcGIS longest geometry length by State,New Hampshire:241.1mi; Vermont:130.3mi; Massachusetts:37.7mi,National Scenic Byway,national-scenic-byway-green,ArcGIS,FeatureServer layer 2,160,6,10,10026,matched,https://fhwaapps.fhwa.dot.gov/bywaysp/StateMaps/Show/byway/2487
2451,Connecticut State Route 169,Connecticut,Connecticut,ArcGIS longest geometry length by State,Connecticut:31.9mi,National Scenic Byway,national-scenic-byway-green,ArcGIS,FeatureServer layer 2,13,1,2,747,matched,https://fhwaapps.fhwa.dot.gov/bywaysp/StateMaps/Show/byway/2451
13828,Copper Country Trail,Michigan,Michigan,ArcGIS longest geometry length by State,Michigan:47.9mi,National Scenic Byway,national-scenic-byway-green,ArcGIS,FeatureServer layer 2,46,1,2,1125,matched,https://fhwaapps.fhwa.dot.gov/bywaysp/StateMaps/Show/byway/13828
2059,Coronado Trail Scenic Byway,Arizona,Arizona,ArcGIS longest geometry length by State,Arizona:116.8mi,National Scenic Byway,national-scenic-byway-green,ArcGIS,FeatureServer layer 2,14,1,2,7735,matched,https://fhwaapps.fhwa.dot.gov/bywaysp/StateMaps/Show/byway/2059
54772,Coulee Corridor Scenic Byway,Washington,Washington,ArcGIS longest geometry length by State,Washington:151.5mi,National Scenic Byway,national-scenic-byway-green,ArcGIS,FeatureServer layer 2,103,1,2,2551,matched,https://fhwaapps.fhwa.dot.gov/bywaysp/StateMaps/Show/byway/54772
2567,Country Music Highway,Kentucky,Kentucky,ArcGIS longest geometry length by State,Kentucky:149.5mi,National Scenic Byway,national-scenic-byway-green,ArcGIS,FeatureServer layer 2,232,1,2,5282,matched,https://fhwaapps.fhwa.dot.gov/bywaysp/StateMaps/Show/byway/2567
2454,Creole Nature Trail,Louisiana,Louisiana,ArcGIS longest geometry length by State,Louisiana:165.8mi,All-American Road,all-american-road-purple,ArcGIS,FeatureServer layer 1,38,3,6,1075,matched,https://fhwaapps.fhwa.dot.gov/bywaysp/StateMaps/Show/byway/2454
2588,Crowley's Ridge Parkway,"Arkansas, Missouri",Arkansas,ArcGIS longest geometry length by State,Arkansas:188.8mi; Missouri:15.0mi,National Scenic Byway,national-scenic-byway-green,ArcGIS,FeatureServer layer 2,84,1,2,2880,matched,https://fhwaapps.fhwa.dot.gov/bywaysp/StateMaps/Show/byway/2588
81521,Cumberland Historic Byway,Tennessee,Tennessee,FHWA first state fallback,,National Scenic Byway,national-scenic-byway-green,ArcGIS,FeatureServer layer 6,1,1,2,1427,matched,https://fhwaapps.fhwa.dot.gov/bywaysp/StateMaps/Show/byway/81521
2176,Death Valley Scenic Byway,California,California,ArcGIS longest geometry length by State,California:87.8mi,National Scenic Byway,national-scenic-byway-green,ArcGIS,FeatureServer layer 2,116,1,2,2295,matched,https://fhwaapps.fhwa.dot.gov/bywaysp/StateMaps/Show/byway/2176
81486,Delaware Bayshore Byway,Delaware,Delaware,FHWA first state fallback,,National Scenic Byway,national-scenic-byway-green,ArcGIS,FeatureServer layer 6,22,4,8,1527,matched,https://fhwaapps.fhwa.dot.gov/bywaysp/StateMaps/Show/byway/81486
2463,Delaware River Scenic Byway,New Jersey,New Jersey,ArcGIS longest geometry length by State,New Jersey:32.3mi,National Scenic Byway,national-scenic-byway-green,ArcGIS,FeatureServer layer 2,38,1,2,1737,matched,https://fhwaapps.fhwa.dot.gov/bywaysp/StateMaps/Show/byway/2463
2474,Dinosaur Diamond Prehistoric Highway,"Colorado, Utah",Utah,ArcGIS longest geometry length by State,Utah:274.0mi; Colorado:119.5mi,National Scenic Byway,national-scenic-byway-green,ArcGIS,FeatureServer layer 2,126,2,4,5361,matched,https://fhwaapps.fhwa.dot.gov/bywaysp/StateMaps/Show/byway/2474
81527,Door County Coastal Byway,Wisconsin,Wisconsin,ArcGIS longest geometry length by State,Wisconsin:72.3mi,All-American Road,all-american-road-purple,ArcGIS,FeatureServer layer 6,12,3,5,470,matched,https://fhwaapps.fhwa.dot.gov/bywaysp/StateMaps/Show/byway/81527
76017,East Tennessee Crossing,Tennessee,Tennessee,ArcGIS longest geometry length by State,Tennessee:83.6mi,National Scenic Byway,national-scenic-byway-green,ArcGIS,FeatureServer layer 2,67,1,2,11471,matched,https://fhwaapps.fhwa.dot.gov/bywaysp/StateMaps/Show/byway/76017
2305,Ebbetts Pass Scenic Byway,California,California,ArcGIS longest geometry length by State,California:60.6mi,National Scenic Byway,national-scenic-byway-green,ArcGIS,FeatureServer layer 2,125,1,2,3132,matched,https://fhwaapps.fhwa.dot.gov/bywaysp/StateMaps/Show/byway/2305
2455,Edge of the Wilderness,Minnesota,Minnesota,ArcGIS longest geometry length by State,Minnesota:46.5mi,National Scenic Byway,national-scenic-byway-green,ArcGIS,FeatureServer layer 2,10,1,2,463,matched,https://fhwaapps.fhwa.dot.gov/bywaysp/StateMaps/Show/byway/2455
73595,Edisto Island National Scenic Byway,South Carolina,South Carolina,ArcGIS longest geometry length by State,South Carolina:12.9mi,National Scenic Byway,national-scenic-byway-green,ArcGIS,FeatureServer layer 2,20,1,2,389,matched,https://fhwaapps.fhwa.dot.gov/bywaysp/StateMaps/Show/byway/73595
2065,El Camino Real,New Mexico,New Mexico,ArcGIS longest geometry length by State,New Mexico:192.3mi,National Scenic Byway,national-scenic-byway-green,ArcGIS,FeatureServer layer 2,2000,5,6,6986,matched,https://fhwaapps.fhwa.dot.gov/bywaysp/StateMaps/Show/byway/2065
2290,Flaming Gorge - Green River Basin Scenic Byway,Wyoming,Wyoming,FHWA first state fallback,,All-American Road,all-american-road-purple,ArcGIS,FeatureServer layer 2,10,1,2,2733,matched,https://fhwaapps.fhwa.dot.gov/bywaysp/StateMaps/Show/byway/2290
2008,Flaming Gorge-Uintas National Scenic Byway,Utah,Utah,ArcGIS longest geometry length by State,Utah:79.6mi,National Scenic Byway,national-scenic-byway-green,ArcGIS,FeatureServer layer 2,10,1,2,2733,matched,https://fhwaapps.fhwa.dot.gov/bywaysp/StateMaps/Show/byway/2008
2095,Flint Hills Scenic Byway,Kansas,Kansas,ArcGIS longest geometry length by State,Kansas:47.4mi,National Scenic Byway,national-scenic-byway-green,ArcGIS,FeatureServer layer 2,16,1,2,396,matched,https://fhwaapps.fhwa.dot.gov/bywaysp/StateMaps/Show/byway/2095
75864,Florida Black Bear Scenic Byway,Florida,Florida,ArcGIS longest geometry length by State,Florida:126.2mi,National Scenic Byway,national-scenic-byway-green,ArcGIS,FeatureServer layer 2,34,1,2,714,matched,https://fhwaapps.fhwa.dot.gov/bywaysp/StateMaps/Show/byway/75864
2555,Florida Keys Scenic Highway,Florida,Florida,ArcGIS longest geometry length by State,Florida:138.6mi,All-American Road,all-american-road-purple,ArcGIS,FeatureServer layer 1,84,1,2,1900,matched,https://fhwaapps.fhwa.dot.gov/bywaysp/StateMaps/Show/byway/2555
77229,Forest Heritage National Scenic Byway,North Carolina,North Carolina,ArcGIS longest geometry length by State,North Carolina:17.9mi,National Scenic Byway,national-scenic-byway-green,ArcGIS,FeatureServer layer 2,3,1,2,829,matched,https://fhwaapps.fhwa.dot.gov/bywaysp/StateMaps/Show/byway/77229
2108,Frontier Pathways Scenic and Historic Byway,Colorado,Colorado,ArcGIS longest geometry length by State,Colorado:88.5mi,National Scenic Byway,national-scenic-byway-green,ArcGIS,FeatureServer layer 2,27,1,2,2023,matched,https://fhwaapps.fhwa.dot.gov/bywaysp/StateMaps/Show/byway/2108
60807,George Washington Memorial Parkway,Virginia,Virginia,ArcGIS longest geometry length by State,Virginia:28.1mi,All-American Road,all-american-road-purple,ArcGIS,FeatureServer layer 1,17,1,2,343,matched,https://fhwaapps.fhwa.dot.gov/bywaysp/StateMaps/Show/byway/60807
2091,Geronimo Trail Scenic Byway,New Mexico,New Mexico,ArcGIS longest geometry length by State,New Mexico:147.5mi,National Scenic Byway,national-scenic-byway-green,ArcGIS,FeatureServer layer 2,725,1,2,5076,matched,https://fhwaapps.fhwa.dot.gov/bywaysp/StateMaps/Show/byway/2091
2483,Glenn Highway,Alaska,Alaska,ArcGIS longest geometry length by State,Alaska:151.8mi,National Scenic Byway,national-scenic-byway-green,ArcGIS,FeatureServer layer 2,148,1,2,30751,matched,https://fhwaapps.fhwa.dot.gov/bywaysp/StateMaps/Show/byway/2483
2109,Gold Belt Tour Scenic and Historic Byway,Colorado,Colorado,ArcGIS longest geometry length by State,Colorado:132.4mi,National Scenic Byway,national-scenic-byway-green,ArcGIS,FeatureServer layer 2,25,1,2,1945,matched,https://fhwaapps.fhwa.dot.gov/bywaysp/StateMaps/Show/byway/2109
2103,Grand Mesa Scenic and Historic Byway,Colorado,Colorado,ArcGIS longest geometry length by State,Colorado:61.9mi,National Scenic Byway,national-scenic-byway-green,ArcGIS,FeatureServer layer 2,9,2,4,2110,matched,https://fhwaapps.fhwa.dot.gov/bywaysp/StateMaps/Show/byway/2103
2243,Grand Rounds Scenic Byway,Minnesota,Minnesota,ArcGIS longest geometry length by State,Minnesota:38.7mi,National Scenic Byway,national-scenic-byway-green,ArcGIS,FeatureServer layer 2,8,4,7,486,matched,https://fhwaapps.fhwa.dot.gov/bywaysp/StateMaps/Show/byway/2243
2488,Great Lakes Seaway Trail,"New York, Pennsylvania",New York,ArcGIS longest geometry length by State,New York:451.3mi; Pennsylvania:57.7mi,National Scenic Byway,national-scenic-byway-green,ArcGIS,FeatureServer layer 2,328,2,4,8384,matched,https://fhwaapps.fhwa.dot.gov/bywaysp/StateMaps/Show/byway/2488
2279,Great River Road,"Arkansas, Illinois, Iowa, Kentucky, Louisiana, Minnesota, Mississippi, Missouri, Tennessee, Wisconsin",Louisiana,ArcGIS longest geometry length by State,Louisiana:796.2mi; Minnesota:571.2mi; Illinois:487.9mi; Mississippi:432.7mi; Arkansas:374.5mi; Iowa:321.2mi; Wisconsin:245.6mi; Tennessee:137.9mi; Kentucky:64.4mi; Missouri:28.9mi,"All-American Road, National Scenic Byway",all-american-road-purple,ArcGIS,FeatureServer layer 2,44,16,27,23250,matched,https://fhwaapps.fhwa.dot.gov/bywaysp/StateMaps/Show/byway/2279
13548,Gunflint Trail Scenic Byway,Minnesota,Minnesota,ArcGIS longest geometry length by State,Minnesota:55.3mi,National Scenic Byway,national-scenic-byway-green,ArcGIS,FeatureServer layer 2,7,1,2,769,matched,https://fhwaapps.fhwa.dot.gov/bywaysp/StateMaps/Show/byway/13548
12395,Haines Highway - Valley of the Eagles,Alaska,Alaska,ArcGIS longest geometry length by State,Alaska:49.6mi,National Scenic Byway,national-scenic-byway-green,ArcGIS,FeatureServer layer 2,27,1,2,9992,matched,https://fhwaapps.fhwa.dot.gov/bywaysp/StateMaps/Show/byway/12395
2260,Harriet Tubman Underground Railroad Byway,Maryland,Maryland,ArcGIS longest geometry length by State,Maryland:124.9mi,All-American Road,all-american-road-purple,ArcGIS,FeatureServer layer 1,12,9,10,919,matched,https://fhwaapps.fhwa.dot.gov/bywaysp/StateMaps/Show/byway/2260
2145,Hells Canyon Scenic Byway,Oregon,Oregon,ArcGIS longest geometry length by State,Oregon:198.7mi,All-American Road,all-american-road-purple,ArcGIS,FeatureServer layer 1,49,2,4,1910,matched,https://fhwaapps.fhwa.dot.gov/bywaysp/StateMaps/Show/byway/2145
2460,Highland Scenic Highway,West Virginia,West Virginia,ArcGIS longest geometry length by State,West Virginia:44.8mi,National Scenic Byway,national-scenic-byway-green,ArcGIS,FeatureServer layer 2,13,1,2,2374,matched,https://fhwaapps.fhwa.dot.gov/bywaysp/StateMaps/Show/byway/2460
2240,Historic Bluff Country Scenic Byway,Minnesota,Minnesota,ArcGIS longest geometry length by State,Minnesota:87.8mi,National Scenic Byway,national-scenic-byway-green,ArcGIS,FeatureServer layer 2,26,1,2,956,matched,https://fhwaapps.fhwa.dot.gov/bywaysp/StateMaps/Show/byway/2240
2141,Historic Columbia River Highway,Oregon,Oregon,ArcGIS longest geometry length by State,Oregon:24.7mi,All-American Road,all-american-road-purple,ArcGIS,FeatureServer layer 1,2,1,2,448,matched,https://fhwaapps.fhwa.dot.gov/bywaysp/StateMaps/Show/byway/2141
2278,Historic National Road,"Illinois, Indiana, Maryland, Ohio, Pennsylvania, West Virginia",Illinois,FHWA first state fallback,,All-American Road,all-american-road-purple,ArcGIS,FeatureServer layer 1,9,1,2,4961,matched,https://fhwaapps.fhwa.dot.gov/bywaysp/StateMaps/Show/byway/2278
2489,Historic Route 66,"Arizona, Illinois, New Mexico, Oklahoma, California, Missouri",Arizona,FHWA first state fallback,,"All-American Road, National Scenic Byway",all-american-road-purple,ArcGIS,FeatureServer layer 1,10,3,6,7794,matched,https://fhwaapps.fhwa.dot.gov/bywaysp/StateMaps/Show/byway/2489
2598,Hocking Hills Scenic Byway,Ohio,Ohio,ArcGIS longest geometry length by State,Ohio:32.2mi,National Scenic Byway,national-scenic-byway-green,ArcGIS,FeatureServer layer 6,4,1,2,649,matched,https://fhwaapps.fhwa.dot.gov/bywaysp/StateMaps/Show/byway/2598
58611,Illinois River Road,Illinois,Illinois,ArcGIS longest geometry length by State,Illinois:280.7mi,National Scenic Byway,national-scenic-byway-green,ArcGIS,FeatureServer layer 2,71,2,4,2370,matched,https://fhwaapps.fhwa.dot.gov/bywaysp/StateMaps/Show/byway/58611
16199,Indian River Lagoon National Scenic Byway,Florida,Florida,ArcGIS longest geometry length by State,Florida:171.4mi,National Scenic Byway,national-scenic-byway-green,ArcGIS,FeatureServer layer 2,217,1,2,1495,matched,https://fhwaapps.fhwa.dot.gov/bywaysp/StateMaps/Show/byway/16199
76130,Indiana's Historic Pathways,Indiana,Indiana,ArcGIS longest geometry length by State,Indiana:236.7mi,National Scenic Byway,national-scenic-byway-green,ArcGIS,FeatureServer layer 2,699,1,2,5087,matched,https://fhwaapps.fhwa.dot.gov/bywaysp/StateMaps/Show/byway/76130
2486,International Selkirk Loop,"Idaho, Washington",Idaho,ArcGIS longest geometry length by State,Idaho:88.2mi; Washington:73.9mi,All-American Road,all-american-road-purple,ArcGIS,FeatureServer layer 1,104,1,2,6123,matched,https://fhwaapps.fhwa.dot.gov/bywaysp/StateMaps/Show/byway/2486
2061,Jemez Mountain Trail,New Mexico,New Mexico,ArcGIS longest geometry length by State,New Mexico:128.8mi,National Scenic Byway,national-scenic-byway-green,ArcGIS,FeatureServer layer 2,919,1,2,5333,matched,https://fhwaapps.fhwa.dot.gov/bywaysp/StateMaps/Show/byway/2061
2343,Journey Through Hallowed Ground Byway,"Maryland, Pennsylvania, Virginia",Virginia,ArcGIS longest geometry length by State,Virginia:160.4mi; Maryland:37.1mi; Pennsylvania:13.7mi,National Scenic Byway,national-scenic-byway-green,ArcGIS,FeatureServer layer 2,173,1,2,13373,matched,https://fhwaapps.fhwa.dot.gov/bywaysp/StateMaps/Show/byway/2343
10465,Kaibab Plateau-North Rim Parkway,Arizona,Arizona,ArcGIS longest geometry length by State,Arizona:40.6mi,National Scenic Byway,national-scenic-byway-green,ArcGIS,FeatureServer layer 2,3,1,2,2762,matched,https://fhwaapps.fhwa.dot.gov/bywaysp/StateMaps/Show/byway/10465
2458,Kancamagus Scenic Byway,New Hampshire,New Hampshire,ArcGIS longest geometry length by State,New Hampshire:35.8mi,National Scenic Byway,national-scenic-byway-green,ArcGIS,FeatureServer layer 2,5,1,2,486,matched,https://fhwaapps.fhwa.dot.gov/bywaysp/StateMaps/Show/byway/2458
81500,Katahdin Woods & Waters Scenic Byway,Maine,Maine,FHWA first state fallback,,National Scenic Byway,national-scenic-byway-green,OSM补齐,OSRM public route over OSM road network using documented byway endpoints/waypoints,1,1,2,1598,matched,https://fhwaapps.fhwa.dot.gov/bywaysp/StateMaps/Show/byway/81500
59836,Lake Erie Coastal Ohio Trail,Ohio,Ohio,ArcGIS longest geometry length by State,Ohio:293.1mi,National Scenic Byway,national-scenic-byway-green,ArcGIS,FeatureServer layer 2,522,1,2,4548,matched,https://fhwaapps.fhwa.dot.gov/bywaysp/StateMaps/Show/byway/59836
2456,Lake Tahoe - Eastshore Drive,Nevada,Nevada,ArcGIS longest geometry length by State,Nevada:28.5mi,National Scenic Byway,national-scenic-byway-green,ArcGIS,FeatureServer layer 2,13,1,2,1964,matched,https://fhwaapps.fhwa.dot.gov/bywaysp/StateMaps/Show/byway/2456
2479,Lakes to Locks Passage,New York,New York,ArcGIS longest geometry length by State,New York:190.8mi,All-American Road,all-american-road-purple,ArcGIS,FeatureServer layer 1,102,1,2,4488,matched,https://fhwaapps.fhwa.dot.gov/bywaysp/StateMaps/Show/byway/2479
49776,Lariat Loop Scenic and Historic Byway,Colorado,Colorado,ArcGIS longest geometry length by State,Colorado:36.9mi,National Scenic Byway,national-scenic-byway-green,ArcGIS,FeatureServer layer 2,38,1,2,1496,matched,https://fhwaapps.fhwa.dot.gov/bywaysp/StateMaps/Show/byway/49776
2032,Las Vegas Strip,Nevada,Nevada,ArcGIS longest geometry length by State,Nevada:4.2mi,All-American Road,all-american-road-purple,ArcGIS,FeatureServer layer 1,1,1,2,27,matched,https://fhwaapps.fhwa.dot.gov/bywaysp/StateMaps/Show/byway/2032
2348,Lincoln Heritage Scenic Highway,Kentucky,Kentucky,ArcGIS longest geometry length by State,Kentucky:70.7mi,National Scenic Byway,national-scenic-byway-green,ArcGIS,FeatureServer layer 2,47,1,2,1949,matched,https://fhwaapps.fhwa.dot.gov/bywaysp/StateMaps/Show/byway/2348
13750,Lincoln Highway,Illinois,Illinois,ArcGIS longest geometry length by State,Illinois:175.0mi,National Scenic Byway,national-scenic-byway-green,ArcGIS,FeatureServer layer 2,118,1,2,2076,matched,https://fhwaapps.fhwa.dot.gov/bywaysp/StateMaps/Show/byway/13750
81493,Lincoln Highway Heritage Byway,Iowa,Iowa,FHWA first state fallback,,National Scenic Byway,national-scenic-byway-green,ArcGIS,FeatureServer layer 6,2,1,2,1137,matched,https://fhwaapps.fhwa.dot.gov/bywaysp/StateMaps/Show/byway/81493
81508,Lincoln Highway Scenic & History Byway,Nebraska,Nebraska,FHWA first state fallback,,All-American Road,all-american-road-purple,ArcGIS,FeatureServer layer 2,118,1,2,2076,matched,https://fhwaapps.fhwa.dot.gov/bywaysp/StateMaps/Show/byway/81508
2187,Loess Hills National Scenic Byway,Iowa,Iowa,ArcGIS longest geometry length by State,Iowa:222.6mi,National Scenic Byway,national-scenic-byway-green,ArcGIS,FeatureServer layer 2,189,1,2,3813,matched,https://fhwaapps.fhwa.dot.gov/bywaysp/StateMaps/Show/byway/2187
2001,Logan Canyon Scenic Byway,Utah,Utah,ArcGIS longest geometry length by State,Utah:39.1mi,National Scenic Byway,national-scenic-byway-green,ArcGIS,FeatureServer layer 2,7,1,2,1286,matched,https://fhwaapps.fhwa.dot.gov/bywaysp/StateMaps/Show/byway/2001
2148,McKenzie Pass-Santiam Pass Scenic Byway,Oregon,Oregon,ArcGIS longest geometry length by State,Oregon:84.9mi,National Scenic Byway,national-scenic-byway-green,ArcGIS,FeatureServer layer 2,23,1,2,3116,matched,https://fhwaapps.fhwa.dot.gov/bywaysp/StateMaps/Show/byway/2148
10393,Meeting of the Great Rivers Scenic Route,Illinois,Illinois,ArcGIS longest geometry length by State,Illinois:37.7mi,National Scenic Byway,national-scenic-byway-green,ArcGIS,FeatureServer layer 2,23,1,2,993,matched,https://fhwaapps.fhwa.dot.gov/bywaysp/StateMaps/Show/byway/10393
2452,Merritt Parkway,Connecticut,Connecticut,ArcGIS longest geometry length by State,Connecticut:37.7mi,National Scenic Byway,national-scenic-byway-green,ArcGIS,FeatureServer layer 2,85,1,2,884,matched,https://fhwaapps.fhwa.dot.gov/bywaysp/StateMaps/Show/byway/2452
10345,Midland Trail,West Virginia,West Virginia,ArcGIS longest geometry length by State,West Virginia:112.8mi,National Scenic Byway,national-scenic-byway-green,ArcGIS,FeatureServer layer 2,217,1,2,10567,matched,https://fhwaapps.fhwa.dot.gov/bywaysp/StateMaps/Show/byway/10345
2462,Millstone Valley Scenic Byway,New Jersey,New Jersey,ArcGIS longest geometry length by State,New Jersey:24.5mi,National Scenic Byway,national-scenic-byway-green,ArcGIS,FeatureServer layer 2,4,2,3,232,matched,https://fhwaapps.fhwa.dot.gov/bywaysp/StateMaps/Show/byway/2462
2211,Minnesota River Valley Scenic Byway,Minnesota,Minnesota,ArcGIS longest geometry length by State,Minnesota:251.7mi,National Scenic Byway,national-scenic-byway-green,ArcGIS,FeatureServer layer 2,74,1,2,1659,matched,https://fhwaapps.fhwa.dot.gov/bywaysp/StateMaps/Show/byway/2211
57185,Mohawk Towpath Byway,New York,New York,ArcGIS longest geometry length by State,New York:26.3mi,National Scenic Byway,national-scenic-byway-green,ArcGIS,FeatureServer layer 2,1,1,2,240,matched,https://fhwaapps.fhwa.dot.gov/bywaysp/StateMaps/Show/byway/57185
81504,Mohawk Trail Scenic Byway,Massachusetts,Massachusetts,ArcGIS longest geometry length by State,Massachusetts:70.9mi,National Scenic Byway,national-scenic-byway-green,ArcGIS,FeatureServer layer 6,1,1,2,925,matched,https://fhwaapps.fhwa.dot.gov/bywaysp/StateMaps/Show/byway/81504
2228,Mountains to Sound Greenway - I-90,Washington,Washington,ArcGIS longest geometry length by State,Washington:119.6mi,National Scenic Byway,national-scenic-byway-green,ArcGIS,FeatureServer layer 2,37,3,4,1186,matched,https://fhwaapps.fhwa.dot.gov/bywaysp/StateMaps/Show/byway/2228
61400,Mt. Hood Scenic Byway,Oregon,Oregon,ArcGIS longest geometry length by State,Oregon:98.5mi,National Scenic Byway,national-scenic-byway-green,ArcGIS,FeatureServer layer 2,56,1,2,2292,matched,https://fhwaapps.fhwa.dot.gov/bywaysp/StateMaps/Show/byway/61400
2285,Natchez Trace Parkway,"Alabama, Mississippi, Tennessee",Mississippi,ArcGIS longest geometry length by State,Mississippi:310.4mi; Tennessee:100.9mi; Alabama:33.4mi,All-American Road,all-american-road-purple,ArcGIS,FeatureServer layer 1,114,1,2,7841,matched,https://fhwaapps.fhwa.dot.gov/bywaysp/StateMaps/Show/byway/2285
2596,Native American Scenic Byway,"North Dakota, South Dakota",South Dakota,ArcGIS longest geometry length by State,South Dakota:312.4mi; North Dakota:34.3mi,National Scenic Byway,national-scenic-byway-green,ArcGIS,FeatureServer layer 2,48,1,2,2463,matched,https://fhwaapps.fhwa.dot.gov/bywaysp/StateMaps/Show/byway/2596
2012,Nebo Loop Scenic Byway,Utah,Utah,ArcGIS longest geometry length by State,Utah:37.5mi,National Scenic Byway,national-scenic-byway-green,ArcGIS,FeatureServer layer 2,2,1,2,682,matched,https://fhwaapps.fhwa.dot.gov/bywaysp/StateMaps/Show/byway/2012
81515,Newfound Gap Road Byway,"North Carolina, Tennessee",North Carolina,FHWA first state fallback,,All-American Road,all-american-road-purple,OSM补齐,"OSRM public route over OSM road network via Gatlinburg/Sugarlands, Newfound Gap, Cherokee/Oconaluftee",1,1,2,2471,matched,https://fhwaapps.fhwa.dot.gov/bywaysp/StateMaps/Show/byway/81515
81522,Norris Freeway,Tennessee,Tennessee,FHWA first state fallback,,National Scenic Byway,national-scenic-byway-green,OSM补齐,OSRM public route over OSM road network using documented byway endpoints/waypoints,1,1,2,985,matched,https://fhwaapps.fhwa.dot.gov/bywaysp/StateMaps/Show/byway/81522
11185,North Shore Scenic Drive,Minnesota,Minnesota,ArcGIS longest geometry length by State,Minnesota:150.8mi,All-American Road,all-american-road-purple,ArcGIS,FeatureServer layer 1,41,1,2,1433,matched,https://fhwaapps.fhwa.dot.gov/bywaysp/StateMaps/Show/byway/11185
2043,Northwest Passage Scenic Byway,Idaho,Idaho,ArcGIS longest geometry length by State,Idaho:204.1mi,All-American Road,all-american-road-purple,ArcGIS,FeatureServer layer 1,85,2,3,8714,matched,https://fhwaapps.fhwa.dot.gov/bywaysp/StateMaps/Show/byway/2043
10501,Ohio & Erie Canalway,Ohio,Ohio,ArcGIS longest geometry length by State,Ohio:128.8mi,National Scenic Byway,national-scenic-byway-green,ArcGIS,FeatureServer layer 2,7,1,2,954,matched,https://fhwaapps.fhwa.dot.gov/bywaysp/StateMaps/Show/byway/10501
2286,Ohio River Scenic Byway,"Illinois, Indiana, Ohio",Ohio,ArcGIS longest geometry length by State,Ohio:627.8mi; Indiana:298.8mi; Illinois:1.0mi,National Scenic Byway,national-scenic-byway-green,ArcGIS,FeatureServer layer 2,1600,2,4,18878,matched,https://fhwaapps.fhwa.dot.gov/bywaysp/StateMaps/Show/byway/2286
11510,Old Canada Road Scenic Byway,Maine,Maine,ArcGIS longest geometry length by State,Maine:78.1mi,National Scenic Byway,national-scenic-byway-green,ArcGIS,FeatureServer layer 2,4,1,2,1956,matched,https://fhwaapps.fhwa.dot.gov/bywaysp/StateMaps/Show/byway/11510
81495,Old Frankfort Pike Historic and Scenic Byway,Kentucky,Kentucky,ArcGIS longest geometry length by State,Kentucky:19.0mi,National Scenic Byway,national-scenic-byway-green,ArcGIS,FeatureServer layer 6,1,1,2,118,matched,https://fhwaapps.fhwa.dot.gov/bywaysp/StateMaps/Show/byway/81495
81505,Old King's Highway (Route 6A),Massachusetts,Massachusetts,ArcGIS longest geometry length by State,Massachusetts:30.1mi,National Scenic Byway,national-scenic-byway-green,ArcGIS,FeatureServer layer 6,1,1,2,370,matched,https://fhwaapps.fhwa.dot.gov/bywaysp/StateMaps/Show/byway/81505
75866,Ormond Scenic Loop & Trail,Florida,Florida,ArcGIS longest geometry length by State,Florida:34.6mi,National Scenic Byway,national-scenic-byway-green,ArcGIS,FeatureServer layer 2,5,2,4,93,matched,https://fhwaapps.fhwa.dot.gov/bywaysp/StateMaps/Show/byway/75866
2142,Outback Scenic Byway,Oregon,Oregon,ArcGIS longest geometry length by State,Oregon:172.5mi,National Scenic Byway,national-scenic-byway-green,ArcGIS,FeatureServer layer 2,17,1,2,1746,matched,https://fhwaapps.fhwa.dot.gov/bywaysp/StateMaps/Show/byway/2142
12834,Outer Banks Scenic Byway,North Carolina,North Carolina,ArcGIS longest geometry length by State,North Carolina:133.5mi,National Scenic Byway,national-scenic-byway-green,ArcGIS,FeatureServer layer 2,24,2,4,1983,matched,https://fhwaapps.fhwa.dot.gov/bywaysp/StateMaps/Show/byway/12834
2143,Pacific Coast Scenic Byway - Oregon,Oregon,Oregon,ArcGIS longest geometry length by State,Oregon:343.0mi,All-American Road,all-american-road-purple,ArcGIS,FeatureServer layer 1,316,1,2,9626,matched,https://fhwaapps.fhwa.dot.gov/bywaysp/StateMaps/Show/byway/2143
68569,Palisades Scenic Byway,New Jersey,New Jersey,ArcGIS longest geometry length by State,New Jersey:11.2mi,National Scenic Byway,national-scenic-byway-green,ArcGIS,FeatureServer layer 6,1,1,2,100,matched,https://fhwaapps.fhwa.dot.gov/bywaysp/StateMaps/Show/byway/68569
81561,Palisades Scenic Byway,New York,New York,FHWA first state fallback,,National Scenic Byway,national-scenic-byway-green,ArcGIS,FeatureServer layer 6,1,1,2,100,matched,https://fhwaapps.fhwa.dot.gov/bywaysp/StateMaps/Show/byway/81561
11180,Paul Bunyan Scenic Byway,Minnesota,Minnesota,ArcGIS longest geometry length by State,Minnesota:52.9mi,National Scenic Byway,national-scenic-byway-green,ArcGIS,FeatureServer layer 2,9,2,4,355,matched,https://fhwaapps.fhwa.dot.gov/bywaysp/StateMaps/Show/byway/11180
2037,Payette River Scenic Byway,Idaho,Idaho,ArcGIS longest geometry length by State,Idaho:110.7mi,National Scenic Byway,national-scenic-byway-green,ArcGIS,FeatureServer layer 2,45,1,2,3960,matched,https://fhwaapps.fhwa.dot.gov/bywaysp/StateMaps/Show/byway/2037
2044,Pend Oreille Scenic Byway,Idaho,Idaho,ArcGIS longest geometry length by State,Idaho:33.1mi,National Scenic Byway,national-scenic-byway-green,ArcGIS,FeatureServer layer 2,9,1,2,1109,matched,https://fhwaapps.fhwa.dot.gov/bywaysp/StateMaps/Show/byway/2044
2459,Peter Norbeck Scenic Byway,South Dakota,South Dakota,ArcGIS longest geometry length by State,South Dakota:68.3mi,National Scenic Byway,national-scenic-byway-green,ArcGIS,FeatureServer layer 2,28,1,2,4536,matched,https://fhwaapps.fhwa.dot.gov/bywaysp/StateMaps/Show/byway/2459
81573,Pine Barrens Byway,New Jersey,New Jersey,ArcGIS longest geometry length by State,New Jersey:128.8mi,National Scenic Byway,national-scenic-byway-green,ArcGIS,FeatureServer layer 6,1,1,2,1169,matched,https://fhwaapps.fhwa.dot.gov/bywaysp/StateMaps/Show/byway/81573
2049,Pioneer Historic Byway,Idaho,Idaho,ArcGIS longest geometry length by State,Idaho:114.3mi,National Scenic Byway,national-scenic-byway-green,ArcGIS,FeatureServer layer 2,18,1,2,2636,matched,https://fhwaapps.fhwa.dot.gov/bywaysp/StateMaps/Show/byway/2049
2457,Pyramid Lake Scenic Byway,Nevada,Nevada,ArcGIS longest geometry length by State,Nevada:37.8mi,National Scenic Byway,national-scenic-byway-green,ArcGIS,FeatureServer layer 2,6,1,2,896,matched,https://fhwaapps.fhwa.dot.gov/bywaysp/StateMaps/Show/byway/2457
13830,Rangeley Lakes Scenic Byway,Maine,Maine,ArcGIS longest geometry length by State,Maine:35.6mi,National Scenic Byway,national-scenic-byway-green,ArcGIS,FeatureServer layer 2,4,1,2,1401,matched,https://fhwaapps.fhwa.dot.gov/bywaysp/StateMaps/Show/byway/13830
2482,Red River Gorge Scenic Byway,Kentucky,Kentucky,ArcGIS longest geometry length by State,Kentucky:44.9mi,National Scenic Byway,national-scenic-byway-green,ArcGIS,FeatureServer layer 2,7,1,2,1201,matched,https://fhwaapps.fhwa.dot.gov/bywaysp/StateMaps/Show/byway/2482
11290,Red Rock Scenic Byway,Arizona,Arizona,ArcGIS longest geometry length by State,Arizona:14.3mi,All-American Road,all-american-road-purple,ArcGIS,FeatureServer layer 1,9,1,2,867,matched,https://fhwaapps.fhwa.dot.gov/bywaysp/StateMaps/Show/byway/11290
40532,Religious Freedom Byway,Maryland,Maryland,ArcGIS longest geometry length by State,Maryland:161.4mi,National Scenic Byway,national-scenic-byway-green,ArcGIS,FeatureServer layer 2,34,7,13,1889,matched,https://fhwaapps.fhwa.dot.gov/bywaysp/StateMaps/Show/byway/40532
81518,Revolutionary Heritage Byway,Rhode Island,Rhode Island,FHWA first state fallback,,National Scenic Byway,national-scenic-byway-green,OSM补齐,OSRM public route over OSM road network using documented byway endpoints/waypoints,1,1,2,212,matched,https://fhwaapps.fhwa.dot.gov/bywaysp/StateMaps/Show/byway/81518
10781,River Road Scenic Byway,Michigan,Michigan,ArcGIS longest geometry length by State,Michigan:23.4mi,National Scenic Byway,national-scenic-byway-green,ArcGIS,FeatureServer layer 2,1,1,2,113,matched,https://fhwaapps.fhwa.dot.gov/bywaysp/StateMaps/Show/byway/10781
81488,River of Lakes Heritage Corridor,Florida,Florida,ArcGIS longest geometry length by State,Florida:121.5mi,National Scenic Byway,national-scenic-byway-green,ArcGIS,FeatureServer layer 6,7,4,5,515,matched,https://fhwaapps.fhwa.dot.gov/bywaysp/StateMaps/Show/byway/81488
2147,Rogue-Umpqua Scenic Byway,Oregon,Oregon,ArcGIS longest geometry length by State,Oregon:162.8mi,National Scenic Byway,national-scenic-byway-green,ArcGIS,FeatureServer layer 2,43,1,2,4002,matched,https://fhwaapps.fhwa.dot.gov/bywaysp/StateMaps/Show/byway/2147
2301,Route 1 - Big Sur Coast Highway,California,California,ArcGIS longest geometry length by State,California:73.6mi,All-American Road,all-american-road-purple,ArcGIS,FeatureServer layer 1,198,1,2,3367,matched,https://fhwaapps.fhwa.dot.gov/bywaysp/StateMaps/Show/byway/2301
2475,Route 1 - San Luis Obispo North Coast Byway,California,California,ArcGIS longest geometry length by State,California:58.2mi,All-American Road,all-american-road-purple,ArcGIS,FeatureServer layer 1,195,1,2,1968,matched,https://fhwaapps.fhwa.dot.gov/bywaysp/StateMaps/Show/byway/2475
13739,Russell-Brasstown National Scenic Byway,Georgia,Georgia,ArcGIS longest geometry length by State,Georgia:40.9mi,National Scenic Byway,national-scenic-byway-green,ArcGIS,FeatureServer layer 2,13,1,2,17261,matched,https://fhwaapps.fhwa.dot.gov/bywaysp/StateMaps/Show/byway/13739
2101,San Juan Skyway,Colorado,Colorado,ArcGIS longest geometry length by State,Colorado:233.4mi,All-American Road,all-american-road-purple,ArcGIS,FeatureServer layer 1,57,1,2,5027,matched,https://fhwaapps.fhwa.dot.gov/bywaysp/StateMaps/Show/byway/2101
81509,Sandhills Journey Scenic Byway,Nebraska,Nebraska,ArcGIS longest geometry length by State,Nebraska:271.3mi,National Scenic Byway,national-scenic-byway-green,ArcGIS,FeatureServer layer 6,1,1,2,1126,matched,https://fhwaapps.fhwa.dot.gov/bywaysp/StateMaps/Show/byway/81509
2287,Santa Fe Trail,"Colorado, New Mexico",New Mexico,ArcGIS longest geometry length by State,New Mexico:190.2mi; Colorado:108.3mi,National Scenic Byway,national-scenic-byway-green,ArcGIS,FeatureServer layer 2,2000,10,16,7220,matched,https://fhwaapps.fhwa.dot.gov/bywaysp/StateMaps/Show/byway/2287
2162,Savannah River Scenic Byway,South Carolina,South Carolina,ArcGIS longest geometry length by State,South Carolina:144.2mi,National Scenic Byway,national-scenic-byway-green,ArcGIS,FeatureServer layer 2,162,1,2,3025,matched,https://fhwaapps.fhwa.dot.gov/bywaysp/StateMaps/Show/byway/2162
2020,Scenic Byway 12,Utah,Utah,ArcGIS longest geometry length by State,Utah:122.9mi,All-American Road,all-american-road-purple,ArcGIS,FeatureServer layer 1,8,1,2,2089,matched,https://fhwaapps.fhwa.dot.gov/bywaysp/StateMaps/Show/byway/2020
2023,Scenic Byway 143 - Utah's Patchwork Parkway,Utah,Utah,ArcGIS longest geometry length by State,Utah:49.9mi,National Scenic Byway,national-scenic-byway-green,ArcGIS,FeatureServer layer 2,9,1,2,567,matched,https://fhwaapps.fhwa.dot.gov/bywaysp/StateMaps/Show/byway/2023
81489,Scenic Highway 30A,Florida,Florida,ArcGIS longest geometry length by State,Florida:35.6mi,National Scenic Byway,national-scenic-byway-green,ArcGIS,FeatureServer layer 6,1,1,2,183,matched,https://fhwaapps.fhwa.dot.gov/bywaysp/StateMaps/Show/byway/81489
81484,Scenic Highway of Legends,Colorado,Colorado,ArcGIS longest geometry length by State,Colorado:81.1mi,National Scenic Byway,national-scenic-byway-green,ArcGIS,FeatureServer layer 4,14,1,2,1815,matched,https://fhwaapps.fhwa.dot.gov/bywaysp/StateMaps/Show/byway/81484
13792,Schoodic Scenic Byway,Maine,Maine,ArcGIS longest geometry length by State,Maine:26.4mi,National Scenic Byway,national-scenic-byway-green,ArcGIS,FeatureServer layer 2,1,1,2,312,matched,https://fhwaapps.fhwa.dot.gov/bywaysp/StateMaps/Show/byway/13792
2050,Selma to Montgomery March Byway,Alabama,Alabama,ArcGIS longest geometry length by State,Alabama:50.5mi,All-American Road,all-american-road-purple,ArcGIS,FeatureServer layer 1,38,1,2,1564,matched,https://fhwaapps.fhwa.dot.gov/bywaysp/StateMaps/Show/byway/2050
81523,Sequatchie Valley Scenic Byway,Tennessee,Tennessee,FHWA first state fallback,,National Scenic Byway,national-scenic-byway-green,OSM补齐,OSRM public route over OSM road network using documented byway endpoints/waypoints,1,1,2,1147,matched,https://fhwaapps.fhwa.dot.gov/bywaysp/StateMaps/Show/byway/81523
10390,Seward Highway,Alaska,Alaska,ArcGIS longest geometry length by State,Alaska:123.3mi,All-American Road,all-american-road-purple,ArcGIS,FeatureServer layer 1,126,1,2,24841,matched,https://fhwaapps.fhwa.dot.gov/bywaysp/StateMaps/Show/byway/10390
16406,Sheyenne River Valley Scenic Byway,North Dakota,North Dakota,ArcGIS longest geometry length by State,North Dakota:76.2mi,National Scenic Byway,national-scenic-byway-green,ArcGIS,FeatureServer layer 2,8,7,12,541,matched,https://fhwaapps.fhwa.dot.gov/bywaysp/StateMaps/Show/byway/16406
81485,Silver Thread Colorado Scenic & Historic Byway,Colorado,Colorado,ArcGIS longest geometry length by State,Colorado:116.8mi,National Scenic Byway,national-scenic-byway-green,ArcGIS,FeatureServer layer 4,7,1,2,2988,matched,https://fhwaapps.fhwa.dot.gov/bywaysp/StateMaps/Show/byway/81485
50186,Sky Island Scenic Byway,Arizona,Arizona,ArcGIS longest geometry length by State,Arizona:25.6mi,National Scenic Byway,national-scenic-byway-green,ArcGIS,FeatureServer layer 2,1,1,2,615,matched,https://fhwaapps.fhwa.dot.gov/bywaysp/StateMaps/Show/byway/50186
60646,Skyline Drive,Virginia,Virginia,ArcGIS longest geometry length by State,Virginia:105.0mi,National Scenic Byway,national-scenic-byway-green,ArcGIS,FeatureServer layer 2,86,1,2,11573,matched,https://fhwaapps.fhwa.dot.gov/bywaysp/StateMaps/Show/byway/60646
81501,St. John Valley Cultural Byway/Fish River Scenic Byway,Maine,Maine,FHWA first state fallback,,National Scenic Byway,national-scenic-byway-green,OSM补齐,OSRM public route over OSM road network using documented byway endpoints/waypoints,1,1,2,4130,matched,https://fhwaapps.fhwa.dot.gov/bywaysp/StateMaps/Show/byway/81501
10351,Staunton-Parkersburg Turnpike,West Virginia,West Virginia,ArcGIS longest geometry length by State,West Virginia:171.9mi,National Scenic Byway,national-scenic-byway-green,ArcGIS,FeatureServer layer 2,181,1,2,11673,matched,https://fhwaapps.fhwa.dot.gov/bywaysp/StateMaps/Show/byway/10351
2231,Stevens Pass Greenway,Washington,Washington,ArcGIS longest geometry length by State,Washington:99.5mi,National Scenic Byway,national-scenic-byway-green,ArcGIS,FeatureServer layer 2,379,1,2,2960,matched,https://fhwaapps.fhwa.dot.gov/bywaysp/StateMaps/Show/byway/2231
13740,Strait of Juan de Fuca Highway - SR 112,Washington,Washington,ArcGIS longest geometry length by State,Washington:61.1mi,National Scenic Byway,national-scenic-byway-green,ArcGIS,FeatureServer layer 2,8,1,2,2186,matched,https://fhwaapps.fhwa.dot.gov/bywaysp/StateMaps/Show/byway/13740
2485,Talimena Scenic Drive,"Arkansas, Oklahoma",Oklahoma,ArcGIS longest geometry length by State,Oklahoma:35.2mi; Arkansas:17.6mi,National Scenic Byway,national-scenic-byway-green,ArcGIS,FeatureServer layer 2,8,1,2,618,matched,https://fhwaapps.fhwa.dot.gov/bywaysp/StateMaps/Show/byway/2485
2057,Talladega Scenic Drive,Alabama,Alabama,ArcGIS longest geometry length by State,Alabama:28.7mi,National Scenic Byway,national-scenic-byway-green,ArcGIS,FeatureServer layer 2,5,1,2,406,matched,https://fhwaapps.fhwa.dot.gov/bywaysp/StateMaps/Show/byway/2057
81503,The Battle Road Scenic Byway,Massachusetts,Massachusetts,ArcGIS longest geometry length by State,Massachusetts:14.8mi,National Scenic Byway,national-scenic-byway-green,ArcGIS,FeatureServer layer 6,29,1,2,476,matched,https://fhwaapps.fhwa.dot.gov/bywaysp/StateMaps/Show/byway/81503
13831,The Energy Loop: Huntington/Eccles Canyons Scenic Byway,Utah,Utah,ArcGIS longest geometry length by State,Utah:82.4mi,National Scenic Byway,national-scenic-byway-green,ArcGIS,FeatureServer layer 2,14,2,4,1063,matched,https://fhwaapps.fhwa.dot.gov/bywaysp/StateMaps/Show/byway/13831
12302,The George Parks Highway Scenic Byway,Alaska,Alaska,ArcGIS longest geometry length by State,Alaska:226.0mi,National Scenic Byway,national-scenic-byway-green,ArcGIS,FeatureServer layer 2,95,1,2,45365,matched,https://fhwaapps.fhwa.dot.gov/bywaysp/StateMaps/Show/byway/12302
2302,Tioga Road/Big Oak Flat Road,California,California,ArcGIS longest geometry length by State,California:55.2mi,National Scenic Byway,national-scenic-byway-green,ArcGIS,FeatureServer layer 2,20,1,2,700,matched,https://fhwaapps.fhwa.dot.gov/bywaysp/StateMaps/Show/byway/2302
2119,Top of the Rockies,Colorado,Colorado,ArcGIS longest geometry length by State,Colorado:112.1mi,National Scenic Byway,national-scenic-byway-green,ArcGIS,FeatureServer layer 2,31,1,2,2866,matched,https://fhwaapps.fhwa.dot.gov/bywaysp/StateMaps/Show/byway/2119
2102,Trail Ridge Road/Beaver Meadow Road,Colorado,Colorado,ArcGIS longest geometry length by State,Colorado:54.5mi,All-American Road,all-american-road-purple,ArcGIS,FeatureServer layer 1,15,1,2,1458,matched,https://fhwaapps.fhwa.dot.gov/bywaysp/StateMaps/Show/byway/2102
2597,Trail of the Ancients,"Colorado, Utah, New Mexico",Utah,ArcGIS longest geometry length by State,Utah:224.6mi; Colorado:106.2mi,National Scenic Byway,national-scenic-byway-green,ArcGIS,FeatureServer layer 2,50,1,2,5376,matched,https://fhwaapps.fhwa.dot.gov/bywaysp/StateMaps/Show/byway/2597
2092,Trail of the Mountain Spirits Scenic Byway,New Mexico,New Mexico,ArcGIS longest geometry length by State,New Mexico:92.4mi,National Scenic Byway,national-scenic-byway-green,ArcGIS,FeatureServer layer 2,14,1,2,1547,matched,https://fhwaapps.fhwa.dot.gov/bywaysp/StateMaps/Show/byway/2092
2094,Turquoise Trail,New Mexico,New Mexico,ArcGIS longest geometry length by State,New Mexico:60.0mi,National Scenic Byway,national-scenic-byway-green,ArcGIS,FeatureServer layer 2,574,1,2,3006,matched,https://fhwaapps.fhwa.dot.gov/bywaysp/StateMaps/Show/byway/2094
2587,Volcanic Legacy Scenic Byway,"California, Oregon",California,ArcGIS longest geometry length by State,California:362.6mi; Oregon:115.3mi,All-American Road,all-american-road-purple,ArcGIS,FeatureServer layer 1,608,1,2,11447,matched,https://fhwaapps.fhwa.dot.gov/bywaysp/StateMaps/Show/byway/2587
13753,Washington Heritage Trail,West Virginia,West Virginia,ArcGIS longest geometry length by State,West Virginia:134.8mi,National Scenic Byway,national-scenic-byway-green,ArcGIS,FeatureServer layer 2,43,1,2,2254,matched,https://fhwaapps.fhwa.dot.gov/bywaysp/StateMaps/Show/byway/13753
13832,West Cascades Scenic Byway,Oregon,Oregon,ArcGIS longest geometry length by State,Oregon:194.3mi,National Scenic Byway,national-scenic-byway-green,ArcGIS,FeatureServer layer 2,24,1,2,3675,matched,https://fhwaapps.fhwa.dot.gov/bywaysp/StateMaps/Show/byway/13832
2593,Western Heritage Historic Byway,Idaho,Idaho,ArcGIS longest geometry length by State,Idaho:28.3mi,National Scenic Byway,national-scenic-byway-green,ArcGIS,FeatureServer layer 2,19,1,2,150,matched,https://fhwaapps.fhwa.dot.gov/bywaysp/StateMaps/Show/byway/2593
81512,Western Highlands Scenic Byway,New Jersey,New Jersey,FHWA first state fallback,,National Scenic Byway,national-scenic-byway-green,ArcGIS,FeatureServer layer 4,5,1,2,426,matched,https://fhwaapps.fhwa.dot.gov/bywaysp/StateMaps/Show/byway/81512
59011,Wetlands and Wildlife Scenic Byway,Kansas,Kansas,ArcGIS longest geometry length by State,Kansas:77.1mi,National Scenic Byway,national-scenic-byway-green,ArcGIS,FeatureServer layer 2,1,1,2,55,matched,https://fhwaapps.fhwa.dot.gov/bywaysp/StateMaps/Show/byway/59011
2256,White Mountain Trail,New Hampshire,New Hampshire,ArcGIS longest geometry length by State,New Hampshire:71.0mi,National Scenic Byway,national-scenic-byway-green,ArcGIS,FeatureServer layer 2,30,1,2,2308,matched,https://fhwaapps.fhwa.dot.gov/bywaysp/StateMaps/Show/byway/2256
2064,White Pass Scenic Byway,Washington,Washington,ArcGIS longest geometry length by State,Washington:118.5mi,National Scenic Byway,national-scenic-byway-green,ArcGIS,FeatureServer layer 2,263,1,2,3147,matched,https://fhwaapps.fhwa.dot.gov/bywaysp/StateMaps/Show/byway/2064
74696,Whitewater Canal Scenic Byway,Indiana,Indiana,ArcGIS longest geometry length by State,Indiana:78.2mi,National Scenic Byway,national-scenic-byway-green,ArcGIS,FeatureServer layer 6,1,1,2,590,matched,https://fhwaapps.fhwa.dot.gov/bywaysp/StateMaps/Show/byway/74696
6334,Wichita Mountains Byway,Oklahoma,Oklahoma,ArcGIS longest geometry length by State,Oklahoma:105.7mi,National Scenic Byway,national-scenic-byway-green,ArcGIS,FeatureServer layer 2,19,2,4,800,matched,https://fhwaapps.fhwa.dot.gov/bywaysp/StateMaps/Show/byway/6334
2566,Wilderness Road Heritage Highway,Kentucky,Kentucky,ArcGIS longest geometry length by State,Kentucky:106.2mi,National Scenic Byway,national-scenic-byway-green,ArcGIS,FeatureServer layer 2,63,1,2,3187,matched,https://fhwaapps.fhwa.dot.gov/bywaysp/StateMaps/Show/byway/2566
81528,Wisconsin Lake Superior Scenic Byway,Wisconsin,Wisconsin,FHWA first state fallback,,National Scenic Byway,national-scenic-byway-green,OSM补齐,OSRM public route over OSM road network using documented byway endpoints/waypoints,1,1,2,2050,matched,https://fhwaapps.fhwa.dot.gov/bywaysp/StateMaps/Show/byway/81528
2345,Woodlands Trace,"Kentucky, Tennessee",Kentucky,ArcGIS longest geometry length by State,Kentucky:29.5mi; Tennessee:13.9mi,National Scenic Byway,national-scenic-byway-green,ArcGIS,FeatureServer layer 2,2,1,2,276,matched,https://fhwaapps.fhwa.dot.gov/bywaysp/StateMaps/Show/byway/2345
13754,Woodward Avenue (M-1) - Automotive Heritage Trail,Michigan,Michigan,ArcGIS longest geometry length by State,Michigan:24.7mi,All-American Road,all-american-road-purple,ArcGIS,FeatureServer layer 1,94,1,2,614,matched,https://fhwaapps.fhwa.dot.gov/bywaysp/StateMaps/Show/byway/13754
81524,Zion Scenic Byway,Utah,Utah,ArcGIS longest geometry length by State,Utah:56.9mi,National Scenic Byway,national-scenic-byway-green,ArcGIS,FeatureServer layer 6,1,1,2,692,matched,https://fhwaapps.fhwa.dot.gov/bywaysp/StateMaps/Show/byway/81524
